name,email,gender
Martha-Hansen,mhansen0@census.gov,Female
Julie-Greene,jgreene1@cpanel.net,Female
Andrea-Hart,ahart2@dagondesign.com,Female
Denise-Myers,dmyers3@de.vu,Female
Beverly-Weaver,bweaver4@163.com,Female
Stephen-Stewart,sstewart5@webmd.com,Male
Carlos-Jordan,cjordan6@mashable.com,Male
Anne-Bennett,abennett7@comcast.net,Female
Marie-Thompson,mthompson8@theglobeandmail.com,Female
Jose-Lawrence,jlawrence9@surveymonkey.com,Male
Kenneth-Brooks,kbrooksa@hostgator.com,Male
Terry-Stanley,tstanleyb@g.co,Male
Lois-Palmer,lpalmerc@ning.com,Female
Chris-Stone,cstoned@t-online.de,Male
Richard-Ruiz,rruize@unc.edu,Male
Juan-Snyder,jsnyderf@cnbc.com,Male
Teresa-Rivera,triverag@uol.com.br,Female
Lois-Robinson,lrobinsonh@sfgate.com,Female
Janice-Richardson,jrichardsoni@lulu.com,Female
Todd-Stevens,tstevensj@i2i.jp,Male
Lisa-Morales,lmoralesk@cmu.edu,Female
Ann-Ryan,aryanl@surveymonkey.com,Female
Anna-Frazier,afrazierm@alibaba.com,Female
Larry-Wells,lwellsn@bravesites.com,Male
Juan-Barnes,jbarneso@goo.gl,Male
Carolyn-Kelly,ckellyp@techcrunch.com,Female
Mark-Kennedy,mkennedyq@dropbox.com,Male
Roger-Bishop,rbishopr@ow.ly,Male
Victor-Walker,vwalkers@comcast.net,Male
Bobby-Allen,ballent@qq.com,Male
Betty-Griffin,bgriffinu@comsenz.com,Female
Chris-Rogers,crogersv@bbb.org,Male
Kelly-Dunn,kdunnw@elegantthemes.com,Female
Donna-Bell,dbellx@phpbb.com,Female
Anne-Weaver,aweavery@mac.com,Female
Jeffrey-Hudson,jhudsonz@bizjournals.com,Male
Stephanie-Romero,sromero10@odnoklassniki.ru,Female
Beverly-Graham,bgraham11@netvibes.com,Female
Mark-Edwards,medwards12@latimes.com,Male
Mary-Sanchez,msanchez13@narod.ru,Female
Ryan-Perez,rperez14@dot.gov,Male
Henry-Roberts,hroberts15@techcrunch.com,Male
Anne-Washington,awashington16@ow.ly,Female
Robert-Rice,rrice17@forbes.com,Male
Harold-Edwards,hedwards18@miitbeian.gov.cn,Male
Cynthia-Stanley,cstanley19@cbc.ca,Female
Irene-Shaw,ishaw1a@businessweek.com,Female
Katherine-Simmons,ksimmons1b@xing.com,Female
Linda-Carr,lcarr1c@europa.eu,Female
Carol-Grant,cgrant1d@hugedomains.com,Female
Earl-Tucker,etucker1e@rediff.com,Male
Robert-Fisher,rfisher1f@dell.com,Male
Beverly-Rivera,brivera1g@oracle.com,Female
Matthew-Henry,mhenry1h@yahoo.com,Male
Alan-Richards,arichards1i@theguardian.com,Male
Joyce-Stone,jstone1j@reddit.com,Female
Melissa-Lewis,mlewis1k@phpbb.com,Female
Ralph-Harvey,rharvey1l@skyrock.com,Male
Janice-Wright,jwright1m@hud.gov,Female
Judy-Meyer,jmeyer1n@goo.gl,Female
Bruce-Mills,bmills1o@slashdot.org,Male
Carl-Torres,ctorres1p@tumblr.com,Male
Kathryn-Harrison,kharrison1q@chicagotribune.com,Female
Phillip-Banks,pbanks1r@dmoz.org,Male
Shirley-Harrison,sharrison1s@cocolog-nifty.com,Female
Gloria-Marshall,gmarshall1t@ask.com,Female
Gloria-Little,glittle1u@weather.com,Female
Diane-Moreno,dmoreno1v@cbc.ca,Female
Amanda-Willis,awillis1w@rambler.ru,Female
George-Webb,gwebb1x@liveinternet.ru,Male
Johnny-Rogers,jrogers1y@arstechnica.com,Male
Annie-Wagner,awagner1z@tamu.edu,Female
Andrea-Sullivan,asullivan20@vistaprint.com,Female
Harry-Mason,hmason21@booking.com,Male
Theresa-Kennedy,tkennedy22@mapy.cz,Female
Brenda-Long,blong23@latimes.com,Female
Irene-Duncan,iduncan24@earthlink.net,Female
Diane-Riley,driley25@gnu.org,Female
Rachel-Olson,rolson26@nymag.com,Female
Sandra-Dixon,sdixon27@sogou.com,Female
Christine-Howard,choward28@msn.com,Female
Jason-Greene,jgreene29@huffingtonpost.com,Male
Samuel-Wells,swells2a@yelp.com,Male
Tina-Bell,tbell2b@dion.ne.jp,Female
Lillian-Gonzalez,lgonzalez2c@spotify.com,Female
Jean-Lawson,jlawson2d@nps.gov,Female
George-Hamilton,ghamilton2e@ca.gov,Male
Sandra-Ramirez,sramirez2f@alexa.com,Female
Lillian-Snyder,lsnyder2g@soup.io,Female
Sean-Hicks,shicks2h@qq.com,Male
Lois-Perkins,lperkins2i@printfriendly.com,Female
Betty-Carroll,bcarroll2j@theglobeandmail.com,Female
Theresa-Ramirez,tramirez2k@tmall.com,Female
Martin-Harper,mharper2l@plala.or.jp,Male
Pamela-Hart,phart2m@mozilla.org,Female
Brian-Graham,bgraham2n@topsy.com,Male
Howard-Ford,hford2o@histats.com,Male
Ronald-Fowler,rfowler2p@sina.com.cn,Male
Christine-Wright,cwright2q@harvard.edu,Female
Mary-Bailey,mbailey2r@cbslocal.com,Female
Arthur-Schmidt,aschmidt2s@diigo.com,Male
Marie-Gonzales,mgonzales2t@timesonline.co.uk,Female
Rose-Sanchez,rsanchez2u@vistaprint.com,Female
Kathy-Ryan,kryan2v@blogs.com,Female
Keith-Bailey,kbailey2w@themeforest.net,Male
Patrick-Cruz,pcruz2x@hc360.com,Male
Sara-Gonzalez,sgonzalez2y@samsung.com,Female
Amy-Watkins,awatkins2z@blog.com,Female
Paula-Hayes,phayes30@java.com,Female
George-Andrews,gandrews31@google.cn,Male
Nicole-Cox,ncox32@biblegateway.com,Female
Alan-Morris,amorris33@oracle.com,Male
Lawrence-Johnston,ljohnston34@foxnews.com,Male
Jesse-Roberts,jroberts35@fema.gov,Male
Craig-Burke,cburke36@home.pl,Male
Peter-Lawrence,plawrence37@infoseek.co.jp,Male
Shawn-Johnston,sjohnston38@zimbio.com,Male
Lois-Welch,lwelch39@tinypic.com,Female
Juan-Henderson,jhenderson3a@examiner.com,Male
Timothy-Hamilton,thamilton3b@myspace.com,Male
Jessica-Welch,jwelch3c@google.fr,Female
Tammy-Hunter,thunter3d@networkadvertising.org,Female
Ann-Edwards,aedwards3e@apache.org,Female
Alice-Torres,atorres3f@histats.com,Female
Sharon-Stevens,sstevens3g@dagondesign.com,Female
Amanda-Welch,awelch3h@tiny.cc,Female
Scott-Rose,srose3i@ca.gov,Male
Jack-Olson,jolson3j@aol.com,Male
Kelly-Anderson,kanderson3k@prweb.com,Female
Jean-Murray,jmurray3l@mapquest.com,Female
Gary-Moreno,gmoreno3m@tiny.cc,Male
Jeffrey-Taylor,jtaylor3n@tinypic.com,Male
Roger-Lopez,rlopez3o@utexas.edu,Male
Clarence-Johnson,cjohnson3p@alibaba.com,Male
Theresa-Rivera,trivera3q@example.com,Female
Keith-Stone,kstone3r@creativecommons.org,Male
Barbara-Owens,bowens3s@artisteer.com,Female
Jeremy-Nelson,jnelson3t@woothemes.com,Male
Joan-Gray,jgray3u@yandex.ru,Female
Sarah-White,swhite3v@a8.net,Female
Catherine-Wheeler,cwheeler3w@posterous.com,Female
Victor-Hansen,vhansen3x@springer.com,Male
Antonio-Lane,alane3y@google.co.jp,Male
Henry-Wells,hwells3z@mac.com,Male
Carl-Owens,cowens40@dailymotion.com,Male
Tina-Hamilton,thamilton41@webs.com,Female
Kathleen-Wells,kwells42@imdb.com,Female
Sharon-Hernandez,shernandez43@china.com.cn,Female
Wayne-Murray,wmurray44@51.la,Male
Ralph-Warren,rwarren45@nhs.uk,Male
Anthony-Graham,agraham46@merriam-webster.com,Male
Harry-Wallace,hwallace47@amazon.de,Male
Arthur-Rodriguez,arodriguez48@stanford.edu,Male
Steven-Hansen,shansen49@theglobeandmail.com,Male
Douglas-Nichols,dnichols4a@home.pl,Male
Johnny-Gordon,jgordon4b@cnn.com,Male
Ernest-Jordan,ejordan4c@umich.edu,Male
Diana-Vasquez,dvasquez4d@photobucket.com,Female
Jean-Henderson,jhenderson4e@networksolutions.com,Female
Evelyn-Romero,eromero4f@discuz.net,Female
Deborah-Larson,dlarson4g@hugedomains.com,Female
William-Hunt,whunt4h@telegraph.co.uk,Male
Ryan-Chapman,rchapman4i@vinaora.com,Male
Jason-Arnold,jarnold4j@acquirethisname.com,Male
Linda-Gordon,lgordon4k@tumblr.com,Female
Donna-Robinson,drobinson4l@house.gov,Female
Angela-Lopez,alopez4m@wordpress.com,Female
Philip-Banks,pbanks4n@bizjournals.com,Male
Joshua-Lane,jlane4o@merriam-webster.com,Male
Karen-Warren,kwarren4p@irs.gov,Female
Johnny-Barnes,jbarnes4q@zdnet.com,Male
Jason-Hart,jhart4r@nationalgeographic.com,Male
Steven-Reyes,sreyes4s@slideshare.net,Male
Kenneth-Gardner,kgardner4t@aol.com,Male
Annie-Vasquez,avasquez4u@a8.net,Female
Jason-Henry,jhenry4v@china.com.cn,Male
Beverly-Sanchez,bsanchez4w@independent.co.uk,Female
Rose-Murphy,rmurphy4x@lulu.com,Female
Brenda-Stanley,bstanley4y@ycombinator.com,Female
Marie-Schmidt,mschmidt4z@sohu.com,Female
Anna-Garrett,agarrett50@epa.gov,Female
Jacqueline-Stephens,jstephens51@spotify.com,Female
Theresa-Matthews,tmatthews52@scientificamerican.com,Female
Lois-Ruiz,lruiz53@shop-pro.jp,Female
Ernest-Fuller,efuller54@yale.edu,Male
Nicole-Cruz,ncruz55@paginegialle.it,Female
Gloria-Chapman,gchapman56@fotki.com,Female
Louise-James,ljames57@macromedia.com,Female
Jesse-Jordan,jjordan58@ihg.com,Male
Pamela-Kelly,pkelly59@dropbox.com,Female
Bruce-Hawkins,bhawkins5a@wired.com,Male
Doris-Burke,dburke5b@japanpost.jp,Female
Justin-Allen,jallen5c@engadget.com,Male
Shawn-Nichols,snichols5d@vkontakte.ru,Male
Donald-Burton,dburton5e@google.co.uk,Male
Emily-West,ewest5f@usa.gov,Female
Andrew-Chavez,achavez5g@storify.com,Male
Roy-Martinez,rmartinez5h@psu.edu,Male
Bonnie-Murray,bmurray5i@aboutads.info,Female
Craig-Alvarez,calvarez5j@booking.com,Male
Mildred-Williamson,mwilliamson5k@independent.co.uk,Female
Lois-Richardson,lrichardson5l@ucla.edu,Female
Ryan-Sanders,rsanders5m@wisc.edu,Male
James-Richardson,jrichardson5n@nba.com,Male
Elizabeth-Flores,eflores5o@deliciousdays.com,Female
Denise-Little,dlittle5p@bloglovin.com,Female
Larry-Dunn,ldunn5q@storify.com,Male
Robert-Webb,rwebb5r@imageshack.us,Male
Theresa-Welch,twelch5s@youtu.be,Female
Michael-Henderson,mhenderson5t@gizmodo.com,Male
Emily-Nelson,enelson5u@salon.com,Female
Joshua-Crawford,jcrawford5v@ed.gov,Male
Angela-Wagner,awagner5w@example.com,Female
Peter-Dean,pdean5x@deliciousdays.com,Male
Carl-Cunningham,ccunningham5y@moonfruit.com,Male
Arthur-Shaw,ashaw5z@feedburner.com,Male
Sharon-Crawford,scrawford60@cafepress.com,Female
Mary-Rose,mrose61@hugedomains.com,Female
Evelyn-Reynolds,ereynolds62@cyberchimps.com,Female
Eugene-Wood,ewood63@ft.com,Male
Ryan-Ellis,rellis64@skyrock.com,Male
Anthony-Frazier,afrazier65@unblog.fr,Male
Richard-Payne,rpayne66@creativecommons.org,Male
Fred-Gray,fgray67@shutterfly.com,Male
Benjamin-Howell,bhowell68@wikimedia.org,Male
Lori-Ellis,lellis69@cbc.ca,Female
Jack-Stanley,jstanley6a@github.io,Male
Fred-Tucker,ftucker6b@washingtonpost.com,Male
Gloria-Ruiz,gruiz6c@squidoo.com,Female
Samuel-Hanson,shanson6d@feedburner.com,Male
Jessica-West,jwest6e@wikipedia.org,Female
Elizabeth-Carr,ecarr6f@yellowpages.com,Female
Jerry-Armstrong,jarmstrong6g@sfgate.com,Male
Rose-Fernandez,rfernandez6h@so-net.ne.jp,Female
Gerald-Castillo,gcastillo6i@cam.ac.uk,Male
Dorothy-Wagner,dwagner6j@nasa.gov,Female
Russell-Patterson,rpatterson6k@un.org,Male
Stephanie-Garza,sgarza6l@house.gov,Female
Lori-Russell,lrussell6m@sun.com,Female
Pamela-Warren,pwarren6n@census.gov,Female
Stephanie-Johnston,sjohnston6o@salon.com,Female
Gary-Wheeler,gwheeler6p@twitter.com,Male
Ruth-Hanson,rhanson6q@devhub.com,Female
Jane-Rodriguez,jrodriguez6r@ibm.com,Female
Arthur-Holmes,aholmes6s@delicious.com,Male
Phillip-Hughes,phughes6t@typepad.com,Male
Nancy-Alexander,nalexander6u@slashdot.org,Female
Jose-Chapman,jchapman6v@howstuffworks.com,Male
Juan-Arnold,jarnold6w@liveinternet.ru,Male
Judith-White,jwhite6x@ask.com,Female
Benjamin-Ortiz,bortiz6y@google.it,Male
Adam-Gray,agray6z@g.co,Male
Tina-George,tgeorge70@google.com.br,Female
Norma-Moreno,nmoreno71@imgur.com,Female
Kimberly-Greene,kgreene72@bbc.co.uk,Female
Marilyn-Washington,mwashington73@jimdo.com,Female
Larry-Evans,levans74@skyrock.com,Male
Carol-Smith,csmith75@google.com.hk,Female
Kathleen-Ross,kross76@yandex.ru,Female
Mark-Garcia,mgarcia77@weather.com,Male
Ann-Larson,alarson78@soundcloud.com,Female
Michelle-Vasquez,mvasquez79@livejournal.com,Female
Harry-Grant,hgrant7a@tuttocitta.it,Male
Lisa-Sims,lsims7b@shop-pro.jp,Female
Harry-Collins,hcollins7c@myspace.com,Male
Jimmy-Henderson,jhenderson7d@abc.net.au,Male
Kevin-Mason,kmason7e@jugem.jp,Male
Kelly-Palmer,kpalmer7f@oaic.gov.au,Female
Joe-Clark,jclark7g@plala.or.jp,Male
Betty-Willis,bwillis7h@ebay.co.uk,Female
Louise-Reynolds,lreynolds7i@mashable.com,Female
Keith-Cook,kcook7j@cornell.edu,Male
Jimmy-Hudson,jhudson7k@dmoz.org,Male
Kathleen-Cook,kcook7l@i2i.jp,Female
Ronald-Myers,rmyers7m@ifeng.com,Male
Joseph-Bryant,jbryant7n@geocities.jp,Male
Howard-Spencer,hspencer7o@i2i.jp,Male
Beverly-Montgomery,bmontgomery7p@photobucket.com,Female
Jose-Reyes,jreyes7q@uol.com.br,Male
Doris-Ward,dward7r@merriam-webster.com,Female
Steven-Webb,swebb7s@foxnews.com,Male
David-Ward,dward7t@xinhuanet.com,Male
Julie-Mendoza,jmendoza7u@mac.com,Female
Jose-Fowler,jfowler7v@list-manage.com,Male
Anne-James,ajames7w@sciencedirect.com,Female
Amy-Little,alittle7x@networkadvertising.org,Female
Kevin-Perkins,kperkins7y@unicef.org,Male
Angela-Murray,amurray7z@vinaora.com,Female
Amy-Henderson,ahenderson80@unc.edu,Female
Nicholas-Garcia,ngarcia81@com.com,Male
Christine-Black,cblack82@wiley.com,Female
Rebecca-Brooks,rbrooks83@rediff.com,Female
Cynthia-Mcdonald,cmcdonald84@e-recht24.de,Female
Kelly-Howard,khoward85@smugmug.com,Female
Brandon-Harper,bharper86@tiny.cc,Male
Christine-Alvarez,calvarez87@1688.com,Female
Gloria-Payne,gpayne88@bravesites.com,Female
Mark-Ward,mward89@umn.edu,Male
Patrick-Boyd,pboyd8a@ameblo.jp,Male
Elizabeth-Black,eblack8b@tuttocitta.it,Female
Jason-Mendoza,jmendoza8c@nature.com,Male
Nancy-Lewis,nlewis8d@nbcnews.com,Female
Jason-Johnston,jjohnston8e@cdbaby.com,Male
Kimberly-Daniels,kdaniels8f@dell.com,Female
Mark-Cunningham,mcunningham8g@howstuffworks.com,Male
Catherine-Collins,ccollins8h@phoca.cz,Female
Tammy-Walker,twalker8i@reuters.com,Female
Thomas-Carr,tcarr8j@pcworld.com,Male
Beverly-Price,bprice8k@techcrunch.com,Female
Laura-Larson,llarson8l@edublogs.org,Female
Jeffrey-Garrett,jgarrett8m@canalblog.com,Male
Lisa-Hamilton,lhamilton8n@hostgator.com,Female
Matthew-Mills,mmills8o@hhs.gov,Male
Harry-Gutierrez,hgutierrez8p@statcounter.com,Male
Beverly-Hawkins,bhawkins8q@google.ca,Female
Christopher-Butler,cbutler8r@mysql.com,Male
Susan-Austin,saustin8s@addthis.com,Female
Todd-Bennett,tbennett8t@nasa.gov,Male
Kelly-Stevens,kstevens8u@mtv.com,Female
Craig-Edwards,cedwards8v@4shared.com,Male
Anna-Armstrong,aarmstrong8w@seesaa.net,Female
Keith-Watkins,kwatkins8x@livejournal.com,Male
Stephanie-Tucker,stucker8y@telegraph.co.uk,Female
Paul-Welch,pwelch8z@pen.io,Male
Beverly-Harrison,bharrison90@angelfire.com,Female
Louise-Ryan,lryan91@imageshack.us,Female
Teresa-Sims,tsims92@angelfire.com,Female
Katherine-Rose,krose93@bizjournals.com,Female
Willie-Wallace,wwallace94@so-net.ne.jp,Male
Matthew-Woods,mwoods95@tumblr.com,Male
Nicole-Edwards,nedwards96@businessinsider.com,Female
Kathleen-Sullivan,ksullivan97@rambler.ru,Female
Keith-Little,klittle98@cbslocal.com,Male
Donald-Mills,dmills99@gravatar.com,Male
Laura-Miller,lmiller9a@google.com.hk,Female
Mary-Ferguson,mferguson9b@360.cn,Female
Raymond-Ford,rford9c@huffingtonpost.com,Male
Bonnie-Jackson,bjackson9d@ucoz.ru,Female
Eric-Rice,erice9e@newsvine.com,Male
Stephanie-Martinez,smartinez9f@odnoklassniki.ru,Female
Eugene-Cook,ecook9g@wikia.com,Male
Harold-Hughes,hhughes9h@usa.gov,Male
Joseph-Frazier,jfrazier9i@slashdot.org,Male
Barbara-Lawrence,blawrence9j@sourceforge.net,Female
Marilyn-Bradley,mbradley9k@trellian.com,Female
Steven-Lynch,slynch9l@icio.us,Male
Virginia-Richardson,vrichardson9m@skyrock.com,Female
Bruce-Evans,bevans9n@hexun.com,Male
Anne-Scott,ascott9o@webnode.com,Female
Lillian-Bell,lbell9p@cloudflare.com,Female
Karen-Alvarez,kalvarez9q@altervista.org,Female
Howard-Banks,hbanks9r@simplemachines.org,Male
Donald-Peters,dpeters9s@archive.org,Male
Theresa-Riley,triley9t@is.gd,Female
Jason-Reyes,jreyes9u@artisteer.com,Male
Kelly-Kelley,kkelley9v@google.cn,Female
Patrick-Armstrong,parmstrong9w@slideshare.net,Male
Raymond-Schmidt,rschmidt9x@comcast.net,Male
Aaron-Wallace,awallace9y@seesaa.net,Male
Margaret-Olson,molson9z@fc2.com,Female
Martin-Baker,mbakera0@cornell.edu,Male
Norma-Peterson,npetersona1@smugmug.com,Female
Jacqueline-Stone,jstonea2@histats.com,Female
Arthur-Hernandez,ahernandeza3@behance.net,Male
Rachel-Price,rpricea4@bloglovin.com,Female
Beverly-Rivera,briveraa5@mit.edu,Female
Henry-Mills,hmillsa6@e-recht24.de,Male
Kathy-Sanders,ksandersa7@g.co,Female
Billy-Marshall,bmarshalla8@soup.io,Male
Craig-Garcia,cgarciaa9@wired.com,Male
Paula-Fisher,pfisheraa@google.de,Female
Joyce-Little,jlittleab@rediff.com,Female
Douglas-Henry,dhenryac@amazon.com,Male
Randy-Kim,rkimad@printfriendly.com,Male
Timothy-Rivera,triveraae@google.com.au,Male
Eric-Bell,ebellaf@japanpost.jp,Male
Kenneth-Austin,kaustinag@unicef.org,Male
Tammy-Holmes,tholmesah@china.com.cn,Female
Dennis-Stone,dstoneai@naver.com,Male
Daniel-Medina,dmedinaaj@dagondesign.com,Male
Michelle-Diaz,mdiazak@lulu.com,Female
Marilyn-Ford,mfordal@yale.edu,Female
Doris-Williamson,dwilliamsonam@examiner.com,Female
Jeremy-Carr,jcarran@issuu.com,Male
Donna-Ruiz,druizao@lycos.com,Female
Ruby-Moreno,rmorenoap@instagram.com,Female
Frank-Ford,ffordaq@creativecommons.org,Male
Christina-Brown,cbrownar@chron.com,Female
John-Ferguson,jfergusonas@1und1.de,Male
Kelly-Harrison,kharrisonat@reference.com,Female
Gary-Montgomery,gmontgomeryau@google.fr,Male
Ruth-Rivera,rriveraav@miitbeian.gov.cn,Female
Jennifer-Gomez,jgomezaw@auda.org.au,Female
Alan-Fields,afieldsax@comcast.net,Male
Thomas-Brown,tbrownay@clickbank.net,Male
Carl-Miller,cmilleraz@photobucket.com,Male
Patrick-Webb,pwebbb0@amazon.co.uk,Male
Louis-Wagner,lwagnerb1@fema.gov,Male
Jesse-Jacobs,jjacobsb2@netlog.com,Male
Jeffrey-Schmidt,jschmidtb3@hhs.gov,Male
Stephen-Martinez,smartinezb4@nyu.edu,Male
Joshua-Bell,jbellb5@netscape.com,Male
Arthur-Wood,awoodb6@dot.gov,Male
Anthony-Allen,aallenb7@friendfeed.com,Male
Billy-Vasquez,bvasquezb8@timesonline.co.uk,Male
Nicholas-Ramos,nramosb9@ed.gov,Male
Amy-Hicks,ahicksba@myspace.com,Female
Albert-Cox,acoxbb@blog.com,Male
Adam-Romero,aromerobc@delicious.com,Male
Carlos-Hawkins,chawkinsbd@omniture.com,Male
Harold-Stanley,hstanleybe@cam.ac.uk,Male
Sarah-Gonzales,sgonzalesbf@usda.gov,Female
Christopher-Hansen,chansenbg@qq.com,Male
Phillip-Ruiz,pruizbh@pinterest.com,Male
Theresa-Hall,thallbi@scribd.com,Female
Tina-Webb,twebbbj@msu.edu,Female
Richard-Montgomery,rmontgomerybk@census.gov,Male
Ernest-Meyer,emeyerbl@gravatar.com,Male
Jimmy-Green,jgreenbm@reddit.com,Male
Rachel-Greene,rgreenebn@acquirethisname.com,Female
Paul-Ramos,pramosbo@comsenz.com,Male
William-Bowman,wbowmanbp@umich.edu,Male
Joyce-Spencer,jspencerbq@last.fm,Female
Chris-Wheeler,cwheelerbr@mediafire.com,Male
Mildred-Burns,mburnsbs@nationalgeographic.com,Female
Edward-Schmidt,eschmidtbt@adobe.com,Male
Matthew-Peterson,mpetersonbu@so-net.ne.jp,Male
Walter-Hamilton,whamiltonbv@tuttocitta.it,Male
Carol-Wheeler,cwheelerbw@tuttocitta.it,Female
Chris-Hall,challbx@bravesites.com,Male
Charles-Mendoza,cmendozaby@artisteer.com,Male
Marilyn-Greene,mgreenebz@ovh.net,Female
Brenda-Fox,bfoxc0@issuu.com,Female
Norma-Kim,nkimc1@omniture.com,Female
Edward-Duncan,eduncanc2@typepad.com,Male
Johnny-Harper,jharperc3@booking.com,Male
Cheryl-Castillo,ccastilloc4@google.nl,Female
Nicholas-Washington,nwashingtonc5@oakley.com,Male
Michelle-Lee,mleec6@angelfire.com,Female
Lois-Lynch,llynchc7@g.co,Female
Sarah-Clark,sclarkc8@statcounter.com,Female
James-Holmes,jholmesc9@canalblog.com,Male
Terry-Lopez,tlopezca@bluehost.com,Male
Jean-Schmidt,jschmidtcb@google.it,Female
Bobby-Carroll,bcarrollcc@go.com,Male
Jennifer-Mason,jmasoncd@devhub.com,Female
Gregory-Matthews,gmatthewsce@cbslocal.com,Male
Christine-Black,cblackcf@npr.org,Female
Karen-Kim,kkimcg@usatoday.com,Female
Brian-Ferguson,bfergusonch@skype.com,Male
Gary-Harrison,gharrisonci@va.gov,Male
Thomas-Baker,tbakercj@bloglines.com,Male
Walter-Woods,wwoodsck@nbcnews.com,Male
Roger-Ross,rrosscl@issuu.com,Male
George-Campbell,gcampbellcm@biglobe.ne.jp,Male
Wanda-Mcdonald,wmcdonaldcn@facebook.com,Female
Doris-Gomez,dgomezco@liveinternet.ru,Female
Phyllis-Kelly,pkellycp@netlog.com,Female
Daniel-Walker,dwalkercq@yandex.ru,Male
Raymond-Rice,rricecr@redcross.org,Male
Albert-Lane,alanecs@is.gd,Male
Kenneth-Black,kblackct@devhub.com,Male
Kelly-Bryant,kbryantcu@hatena.ne.jp,Female
Katherine-Duncan,kduncancv@senate.gov,Female
Jessica-Montgomery,jmontgomerycw@tuttocitta.it,Female
Peter-Brooks,pbrookscx@soundcloud.com,Male
Jerry-Watson,jwatsoncy@php.net,Male
Jacqueline-Burke,jburkecz@nih.gov,Female
Shawn-Robinson,srobinsond0@opensource.org,Male
Carlos-Henry,chenryd1@delicious.com,Male
Thomas-Bailey,tbaileyd2@comsenz.com,Male
Theresa-Alvarez,talvarezd3@census.gov,Female
Carolyn-Mendoza,cmendozad4@illinois.edu,Female
William-Oliver,woliverd5@wikipedia.org,Male
Justin-West,jwestd6@booking.com,Male
Julie-Moreno,jmorenod7@godaddy.com,Female
Ruth-Gibson,rgibsond8@hp.com,Female
Cheryl-Richardson,crichardsond9@auda.org.au,Female
Tammy-Black,tblackda@hhs.gov,Female
Amanda-Stone,astonedb@japanpost.jp,Female
Margaret-Clark,mclarkdc@posterous.com,Female
Harold-Graham,hgrahamdd@surveymonkey.com,Male
Diane-Pierce,dpiercede@huffingtonpost.com,Female
Juan-Weaver,jweaverdf@google.it,Male
Thomas-Johnson,tjohnsondg@psu.edu,Male
Gerald-Fowler,gfowlerdh@shareasale.com,Male
Irene-Thomas,ithomasdi@rediff.com,Female
Terry-Harvey,tharveydj@examiner.com,Male
Tina-Garcia,tgarciadk@independent.co.uk,Female
Robin-Day,rdaydl@dailymotion.com,Female
Alan-Thomas,athomasdm@boston.com,Male
Juan-Warren,jwarrendn@npr.org,Male
Carlos-Walker,cwalkerdo@webeden.co.uk,Male
Catherine-Murphy,cmurphydp@slashdot.org,Female
Jeremy-Perkins,jperkinsdq@bloglines.com,Male
Timothy-Chapman,tchapmandr@cisco.com,Male
Todd-Berry,tberryds@seesaa.net,Male
Jean-Powell,jpowelldt@arstechnica.com,Female
Ronald-Price,rpricedu@mozilla.org,Male
Albert-Sims,asimsdv@multiply.com,Male
Philip-Ward,pwarddw@blogspot.com,Male
Louis-Nelson,lnelsondx@usgs.gov,Male
Virginia-Wilson,vwilsondy@cbslocal.com,Female
Lillian-Gibson,lgibsondz@sourceforge.net,Female
Shirley-Holmes,sholmese0@oaic.gov.au,Female
Lisa-Murray,lmurraye1@ft.com,Female
Christine-Ramirez,cramireze2@dot.gov,Female
Ryan-Hill,rhille3@who.int,Male
Richard-Riley,rrileye4@cpanel.net,Male
Jessica-Freeman,jfreemane5@bbc.co.uk,Female
Frances-Snyder,fsnydere6@vistaprint.com,Female
Linda-Garrett,lgarrette7@wiley.com,Female
Marilyn-Hunt,mhunte8@java.com,Female
Albert-Hicks,ahickse9@cargocollective.com,Male
Chris-Ray,crayea@scribd.com,Male
Todd-Richardson,trichardsoneb@purevolume.com,Male
Lillian-Clark,lclarkec@desdev.cn,Female
Albert-Hansen,ahansened@oaic.gov.au,Male
Mary-Reid,mreidee@delicious.com,Female
Ruby-Walker,rwalkeref@bbc.co.uk,Female
Carl-Duncan,cduncaneg@bloomberg.com,Male
Amy-Hart,aharteh@ftc.gov,Female
Ralph-Owens,rowensei@gov.uk,Male
Louis-Campbell,lcampbellej@intel.com,Male
Gregory-Ruiz,gruizek@chicagotribune.com,Male
Jacqueline-Elliott,jelliottel@sourceforge.net,Female
Dorothy-Nichols,dnicholsem@mlb.com,Female
Matthew-Fernandez,mfernandezen@barnesandnoble.com,Male
George-Graham,ggrahameo@smh.com.au,Male
Amanda-Gomez,agomezep@elpais.com,Female
Teresa-Sanchez,tsanchezeq@nhs.uk,Female
Evelyn-Price,epriceer@cbc.ca,Female
Jerry-Walker,jwalkeres@hostgator.com,Male
Timothy-Lynch,tlynchet@github.io,Male
Lois-Hunt,lhunteu@tiny.cc,Female
Steven-Mitchell,smitchellev@china.com.cn,Male
Lillian-Lawson,llawsonew@ocn.ne.jp,Female
Bruce-Flores,bfloresex@ted.com,Male
Andrea-Owens,aowensey@bloomberg.com,Female
Todd-Franklin,tfranklinez@omniture.com,Male
Debra-Gray,dgrayf0@engadget.com,Female
Jennifer-Owens,jowensf1@reference.com,Female
Christine-Barnes,cbarnesf2@wunderground.com,Female
Jesse-Burke,jburkef3@t-online.de,Male
Michael-Oliver,moliverf4@lycos.com,Male
Henry-Freeman,hfreemanf5@google.cn,Male
Walter-Bennett,wbennettf6@gmpg.org,Male
Diane-Cox,dcoxf7@loc.gov,Female
Thomas-Greene,tgreenef8@umn.edu,Male
James-Kelley,jkelleyf9@tinypic.com,Male
Christopher-Thomas,cthomasfa@chron.com,Male
Betty-Wallace,bwallacefb@intel.com,Female
Cheryl-Morgan,cmorganfc@google.cn,Female
Evelyn-Sullivan,esullivanfd@wikispaces.com,Female
Laura-Fernandez,lfernandezfe@deviantart.com,Female
Ralph-West,rwestff@meetup.com,Male
Jean-Castillo,jcastillofg@webeden.co.uk,Female
Amanda-Simpson,asimpsonfh@usnews.com,Female
Eric-Ferguson,efergusonfi@bigcartel.com,Male
Elizabeth-Ray,erayfj@chicagotribune.com,Female
Catherine-Price,cpricefk@infoseek.co.jp,Female
Bonnie-Hunt,bhuntfl@youtu.be,Female
Maria-Garcia,mgarciafm@blogtalkradio.com,Female
Sharon-George,sgeorgefn@paginegialle.it,Female
Lillian-Sims,lsimsfo@thetimes.co.uk,Female
Harry-Nelson,hnelsonfp@reddit.com,Male
Cheryl-Brown,cbrownfq@mashable.com,Female
Susan-Wallace,swallacefr@blogger.com,Female
Debra-Carr,dcarrfs@dedecms.com,Female
Jason-Johnston,jjohnstonft@phpbb.com,Male
Fred-Graham,fgrahamfu@xing.com,Male
Jacqueline-Thompson,jthompsonfv@cnet.com,Female
Charles-Wilson,cwilsonfw@cbsnews.com,Male
Beverly-Green,bgreenfx@si.edu,Female
Carl-Hughes,chughesfy@mtv.com,Male
John-West,jwestfz@dion.ne.jp,Male
Christopher-Stone,cstoneg0@php.net,Male
Cynthia-Gonzales,cgonzalesg1@paypal.com,Female
Harold-Lewis,hlewisg2@vkontakte.ru,Male
Diane-Black,dblackg3@prweb.com,Female
Martin-Perry,mperryg4@businessweek.com,Male
Arthur-Howard,ahowardg5@unc.edu,Male
Rachel-Martinez,rmartinezg6@stumbleupon.com,Female
Jacqueline-Rivera,jriverag7@cbsnews.com,Female
Elizabeth-Richardson,erichardsong8@topsy.com,Female
Juan-Oliver,joliverg9@amazon.com,Male
Lois-Hill,lhillga@sciencedirect.com,Female
Joyce-Gibson,jgibsongb@yale.edu,Female
Andrea-Scott,ascottgc@washington.edu,Female
Douglas-Frazier,dfraziergd@istockphoto.com,Male
Kevin-Gibson,kgibsonge@com.com,Male
Randy-Lewis,rlewisgf@rakuten.co.jp,Male
Maria-Howell,mhowellgg@businessweek.com,Female
Larry-Fowler,lfowlergh@booking.com,Male
Cynthia-Lopez,clopezgi@hhs.gov,Female
Willie-Campbell,wcampbellgj@reference.com,Male
Henry-Williams,hwilliamsgk@ed.gov,Male
Randy-Gutierrez,rgutierrezgl@topsy.com,Male
Jimmy-Shaw,jshawgm@posterous.com,Male
Victor-Hudson,vhudsongn@live.com,Male
Harry-Jenkins,hjenkinsgo@ebay.com,Male
Betty-Hill,bhillgp@dedecms.com,Female
Willie-Larson,wlarsongq@yandex.ru,Male
Beverly-Kim,bkimgr@theguardian.com,Female
Mildred-Wright,mwrightgs@squarespace.com,Female
Judith-Hudson,jhudsongt@disqus.com,Female
Keith-Crawford,kcrawfordgu@plala.or.jp,Male
Linda-Scott,lscottgv@baidu.com,Female
Carol-Phillips,cphillipsgw@bbb.org,Female
Jonathan-Armstrong,jarmstronggx@examiner.com,Male
Amanda-Carroll,acarrollgy@google.ca,Female
Carolyn-Meyer,cmeyergz@photobucket.com,Female
Victor-Carroll,vcarrollh0@flickr.com,Male
Kenneth-Elliott,kelliotth1@plala.or.jp,Male
Matthew-Fields,mfieldsh2@weebly.com,Male
Wayne-Stephens,wstephensh3@bing.com,Male
Tammy-Mills,tmillsh4@cbc.ca,Female
Keith-Hanson,khansonh5@usnews.com,Male
Russell-Warren,rwarrenh6@imageshack.us,Male
Eugene-Ramos,eramosh7@reuters.com,Male
Ryan-Castillo,rcastilloh8@ted.com,Male
Chris-Bradley,cbradleyh9@newyorker.com,Male
Phyllis-Perkins,pperkinsha@domainmarket.com,Female
Jeffrey-Wallace,jwallacehb@rambler.ru,Male
Ruth-Fowler,rfowlerhc@bloglovin.com,Female
Johnny-Perry,jperryhd@nature.com,Male
Benjamin-Ray,brayhe@accuweather.com,Male
Joe-Schmidt,jschmidthf@vkontakte.ru,Male
Barbara-Foster,bfosterhg@mapquest.com,Female
Gloria-Mitchell,gmitchellhh@elpais.com,Female
Andrew-Henry,ahenryhi@weebly.com,Male
Albert-Castillo,acastillohj@baidu.com,Male
Tammy-Olson,tolsonhk@globo.com,Female
James-Black,jblackhl@gnu.org,Male
Martha-Kelly,mkellyhm@census.gov,Female
David-Brown,dbrownhn@tiny.cc,Male
Brenda-Johnston,bjohnstonho@over-blog.com,Female
Martin-Mendoza,mmendozahp@whitehouse.gov,Male
Gary-Hudson,ghudsonhq@nytimes.com,Male
Robert-Cook,rcookhr@google.ca,Male
Katherine-Hunter,khunterhs@columbia.edu,Female
Scott-Hansen,shansenht@ca.gov,Male
Mark-Taylor,mtaylorhu@msn.com,Male
Wanda-Stephens,wstephenshv@ibm.com,Female
Judy-Patterson,jpattersonhw@yahoo.com,Female
Sean-Jones,sjoneshx@sciencedirect.com,Male
Jose-Riley,jrileyhy@boston.com,Male
Kathryn-Garrett,kgarretthz@indiegogo.com,Female
Sara-Sanchez,ssanchezi0@cocolog-nifty.com,Female
Lori-Moreno,lmorenoi1@chicagotribune.com,Female
Melissa-Perez,mperezi2@blogger.com,Female
Susan-Hicks,shicksi3@goodreads.com,Female
Charles-Gomez,cgomezi4@newyorker.com,Male
Amanda-Scott,ascotti5@thetimes.co.uk,Female
Roger-Rose,rrosei6@yolasite.com,Male
Daniel-Griffin,dgriffini7@4shared.com,Male
Emily-Snyder,esnyderi8@scribd.com,Female
Phyllis-Campbell,pcampbelli9@businessweek.com,Female
Clarence-Olson,colsonia@patch.com,Male
Ronald-Phillips,rphillipsib@mozilla.org,Male
Roger-Johnston,rjohnstonic@scientificamerican.com,Male
Melissa-Oliver,moliverid@blogtalkradio.com,Female
Michelle-Smith,msmithie@delicious.com,Female
Philip-Edwards,pedwardsif@redcross.org,Male
Clarence-Wilson,cwilsonig@reddit.com,Male
Kevin-Smith,ksmithih@msn.com,Male
Bruce-Hansen,bhansenii@github.io,Male
Jimmy-Hughes,jhughesij@nytimes.com,Male
Shawn-Burke,sburkeik@stanford.edu,Male
Mary-Campbell,mcampbellil@free.fr,Female
Edward-Garrett,egarrettim@linkedin.com,Male
Albert-Wilson,awilsonin@example.com,Male
Philip-Richards,prichardsio@samsung.com,Male
Jane-Watkins,jwatkinsip@uiuc.edu,Female
Shirley-Flores,sfloresiq@rakuten.co.jp,Female
Jerry-Collins,jcollinsir@mashable.com,Male
Sandra-Lewis,slewisis@goodreads.com,Female
Mary-Pierce,mpierceit@hibu.com,Female
Cheryl-James,cjamesiu@i2i.jp,Female
Frances-Sims,fsimsiv@icio.us,Female
Donna-Willis,dwillisiw@ftc.gov,Female
Nancy-Day,ndayix@google.de,Female
Angela-Kennedy,akennedyiy@bluehost.com,Female
Brenda-Bryant,bbryantiz@aboutads.info,Female
David-Wallace,dwallacej0@jiathis.com,Male
Mary-Hamilton,mhamiltonj1@soundcloud.com,Female
Howard-Lawson,hlawsonj2@baidu.com,Male
Christine-Brown,cbrownj3@vistaprint.com,Female
Paul-Morris,pmorrisj4@jimdo.com,Male
Janet-Vasquez,jvasquezj5@pcworld.com,Female
Ashley-Black,ablackj6@ehow.com,Female
Jack-Price,jpricej7@samsung.com,Male
Mark-Jacobs,mjacobsj8@chronoengine.com,Male
Emily-Phillips,ephillipsj9@arizona.edu,Female
Joan-Burton,jburtonja@omniture.com,Female
Jack-Hanson,jhansonjb@webmd.com,Male
Doris-Greene,dgreenejc@feedburner.com,Female
Linda-Baker,lbakerjd@canalblog.com,Female
Raymond-Bell,rbellje@columbia.edu,Male
Gloria-Garrett,ggarrettjf@uiuc.edu,Female
Douglas-Austin,daustinjg@google.nl,Male
Anthony-Mccoy,amccoyjh@naver.com,Male
Ronald-Mason,rmasonji@etsy.com,Male
Carol-Jackson,cjacksonjj@arstechnica.com,Female
Michael-Fields,mfieldsjk@google.it,Male
Lisa-Rodriguez,lrodriguezjl@vinaora.com,Female
Maria-Burns,mburnsjm@un.org,Female
Marie-Larson,mlarsonjn@army.mil,Female
Johnny-Murphy,jmurphyjo@uiuc.edu,Male
Mildred-Day,mdayjp@yolasite.com,Female
Margaret-Moreno,mmorenojq@blog.com,Female
Earl-Warren,ewarrenjr@t.co,Male
Rebecca-Gibson,rgibsonjs@lulu.com,Female
Emily-Morgan,emorganjt@over-blog.com,Female
Sandra-Elliott,selliottju@live.com,Female
Martin-Banks,mbanksjv@chicagotribune.com,Male
Maria-Evans,mevansjw@deliciousdays.com,Female
Andrew-Gray,agrayjx@ow.ly,Male
Frank-Greene,fgreenejy@last.fm,Male
Judith-Griffin,jgriffinjz@dagondesign.com,Female
Kenneth-Franklin,kfranklink0@t-online.de,Male
Judith-Wilson,jwilsonk1@wordpress.org,Female
Gerald-Palmer,gpalmerk2@a8.net,Male
Stephen-Thompson,sthompsonk3@nhs.uk,Male
Phyllis-Lee,pleek4@army.mil,Female
Sharon-Reed,sreedk5@bloglines.com,Female
Stephanie-Robertson,srobertsonk6@desdev.cn,Female
Rose-Wallace,rwallacek7@nih.gov,Female
Justin-Simmons,jsimmonsk8@hugedomains.com,Male
Steve-Romero,sromerok9@mtv.com,Male
Steve-Moreno,smorenoka@t-online.de,Male
Frank-Wright,fwrightkb@purevolume.com,Male
Lillian-Murray,lmurraykc@devhub.com,Female
Aaron-Collins,acollinskd@artisteer.com,Male
Michael-Morris,mmorriske@soup.io,Male
Diane-Clark,dclarkkf@gnu.org,Female
Paula-Ray,praykg@army.mil,Female
Carlos-Flores,cfloreskh@rakuten.co.jp,Male
Patrick-Richards,prichardski@va.gov,Male
Teresa-Duncan,tduncankj@comcast.net,Female
Carolyn-Olson,colsonkk@intel.com,Female
Kimberly-Grant,kgrantkl@google.pl,Female
Eugene-Ray,eraykm@cnn.com,Male
Ryan-Dixon,rdixonkn@time.com,Male
Sean-Stanley,sstanleyko@jimdo.com,Male
Linda-Garza,lgarzakp@4shared.com,Female
Irene-Crawford,icrawfordkq@sohu.com,Female
Cheryl-Stanley,cstanleykr@posterous.com,Female
Alan-Nichols,anicholsks@soup.io,Male
Emily-Robinson,erobinsonkt@google.com.au,Female
Peter-Fields,pfieldsku@goo.gl,Male
Sean-Phillips,sphillipskv@sakura.ne.jp,Male
Mary-Cunningham,mcunninghamkw@live.com,Female
Stephanie-Smith,ssmithkx@independent.co.uk,Female
Bruce-Thompson,bthompsonky@360.cn,Male
Sharon-Smith,ssmithkz@disqus.com,Female
Dennis-Ray,drayl0@uiuc.edu,Male
Terry-Duncan,tduncanl1@mit.edu,Male
Billy-Bishop,bbishopl2@squidoo.com,Male
Juan-Hughes,jhughesl3@wordpress.com,Male
Norma-Roberts,nrobertsl4@bloomberg.com,Female
Judith-Kelley,jkelleyl5@istockphoto.com,Female
Virginia-Morgan,vmorganl6@cisco.com,Female
Charles-Daniels,cdanielsl7@lycos.com,Male
Diana-Lee,dleel8@deviantart.com,Female
Cynthia-Hernandez,chernandezl9@unc.edu,Female
Angela-Coleman,acolemanla@pcworld.com,Female
Henry-Daniels,hdanielslb@time.com,Male
Michael-Henry,mhenrylc@aol.com,Male
Philip-Nelson,pnelsonld@macromedia.com,Male
Phyllis-Wagner,pwagnerle@scribd.com,Female
Kathryn-Armstrong,karmstronglf@toplist.cz,Female
Earl-Peters,epeterslg@state.gov,Male
Alice-Diaz,adiazlh@etsy.com,Female
Henry-Moore,hmooreli@soup.io,Male
Alan-Oliver,aoliverlj@blog.com,Male
Nicole-Morales,nmoraleslk@myspace.com,Female
Joe-Perkins,jperkinsll@eventbrite.com,Male
Christopher-Sullivan,csullivanlm@slate.com,Male
Dennis-Little,dlittleln@geocities.jp,Male
Jeffrey-Mcdonald,jmcdonaldlo@cafepress.com,Male
Linda-Hamilton,lhamiltonlp@cyberchimps.com,Female
Carolyn-Barnes,cbarneslq@upenn.edu,Female
Raymond-Cruz,rcruzlr@opensource.org,Male
Gloria-Elliott,gelliottls@omniture.com,Female
Robert-Daniels,rdanielslt@t-online.de,Male
Julia-Hicks,jhickslu@go.com,Female
Joan-Dean,jdeanlv@flickr.com,Female
Judith-Taylor,jtaylorlw@mapquest.com,Female
Margaret-Kelley,mkelleylx@ucla.edu,Female
Marie-Scott,mscottly@comsenz.com,Female
Frank-Reynolds,freynoldslz@toplist.cz,Male
Ann-Olson,aolsonm0@de.vu,Female
Martha-Duncan,mduncanm1@smugmug.com,Female
Matthew-Roberts,mrobertsm2@mapy.cz,Male
Jason-Lawrence,jlawrencem3@cisco.com,Male
Brandon-Bailey,bbaileym4@ucla.edu,Male
Phillip-Moreno,pmorenom5@nba.com,Male
Judy-Cole,jcolem6@yellowpages.com,Female
Terry-Montgomery,tmontgomerym7@networksolutions.com,Male
Todd-Matthews,tmatthewsm8@mozilla.com,Male
Steven-Morales,smoralesm9@addtoany.com,Male
Amanda-Foster,afosterma@geocities.com,Female
Joan-Mason,jmasonmb@discovery.com,Female
Richard-King,rkingmc@ocn.ne.jp,Male
Matthew-Olson,molsonmd@yolasite.com,Male
Amy-Cox,acoxme@shinystat.com,Female
Ann-Richardson,arichardsonmf@nsw.gov.au,Female
Elizabeth-Gibson,egibsonmg@bizjournals.com,Female
Cynthia-Parker,cparkermh@accuweather.com,Female
Judy-Hart,jhartmi@tuttocitta.it,Female
Virginia-Fisher,vfishermj@google.ru,Female
Gregory-Stephens,gstephensmk@rakuten.co.jp,Male
Nicole-Perez,nperezml@icio.us,Female
Andrew-Daniels,adanielsmm@ft.com,Male
Tammy-Ellis,tellismn@unc.edu,Female
Jason-Hall,jhallmo@over-blog.com,Male
Melissa-Stewart,mstewartmp@cornell.edu,Female
Robert-Willis,rwillismq@elpais.com,Male
Ernest-Moore,emooremr@ifeng.com,Male
Sara-Payne,spaynems@cloudflare.com,Female
Carol-Webb,cwebbmt@abc.net.au,Female
Carlos-Sullivan,csullivanmu@wufoo.com,Male
Sara-Frazier,sfraziermv@nyu.edu,Female
Kimberly-Cunningham,kcunninghammw@mlb.com,Female
Judy-Ellis,jellismx@simplemachines.org,Female
Ryan-Pierce,rpiercemy@creativecommons.org,Male
Andrea-Roberts,arobertsmz@technorati.com,Female
Rose-Reynolds,rreynoldsn0@go.com,Female
Alice-Harris,aharrisn1@miitbeian.gov.cn,Female
Willie-Thompson,wthompsonn2@nih.gov,Male
Bobby-Perez,bperezn3@illinois.edu,Male
Ernest-Chavez,echavezn4@com.com,Male
Susan-Wood,swoodn5@nsw.gov.au,Female
Terry-Bishop,tbishopn6@apache.org,Male
Chris-Gomez,cgomezn7@digg.com,Male
Irene-Burke,iburken8@github.io,Female
Scott-Wilson,swilsonn9@paginegialle.it,Male
Ryan-Franklin,rfranklinna@unblog.fr,Male
Victor-Smith,vsmithnb@ca.gov,Male
Jacqueline-Burns,jburnsnc@google.es,Female
Ruby-Clark,rclarknd@phoca.cz,Female
Andrew-Fowler,afowlerne@earthlink.net,Male
Lawrence-Lynch,llynchnf@chicagotribune.com,Male
James-Nguyen,jnguyenng@buzzfeed.com,Male
Lillian-Hall,lhallnh@hatena.ne.jp,Female
Bonnie-Hanson,bhansonni@cnet.com,Female
Sara-Gilbert,sgilbertnj@blogger.com,Female
Lillian-Bishop,lbishopnk@wsj.com,Female
Judy-Clark,jclarknl@geocities.jp,Female
Phillip-Banks,pbanksnm@devhub.com,Male
Christina-Duncan,cduncannn@hao123.com,Female
Jonathan-Cole,jcoleno@elpais.com,Male
John-Ramos,jramosnp@goo.gl,Male
Diane-Dunn,ddunnnq@msn.com,Female
Norma-Graham,ngrahamnr@techcrunch.com,Female
Gary-Lawson,glawsonns@youtu.be,Male
Alan-Rice,aricent@slashdot.org,Male
Todd-Chapman,tchapmannu@amazonaws.com,Male
Tammy-Crawford,tcrawfordnv@amazon.co.jp,Female
Edward-Pierce,epiercenw@odnoklassniki.ru,Male
Christina-Bryant,cbryantnx@parallels.com,Female
Deborah-Collins,dcollinsny@shinystat.com,Female
Daniel-Gomez,dgomeznz@cnbc.com,Male
Bobby-Howell,bhowello0@php.net,Male
Rachel-Warren,rwarreno1@ebay.co.uk,Female
Michael-Jacobs,mjacobso2@topsy.com,Male
Theresa-Montgomery,tmontgomeryo3@sina.com.cn,Female
Carolyn-Harper,charpero4@g.co,Female
Roy-Cruz,rcruzo5@skyrock.com,Male
Cynthia-Long,clongo6@prweb.com,Female
Sharon-Medina,smedinao7@drupal.org,Female
Stephen-Fernandez,sfernandezo8@mediafire.com,Male
Bruce-King,bkingo9@mozilla.org,Male
Amanda-Anderson,aandersonoa@youtu.be,Female
Catherine-Barnes,cbarnesob@apple.com,Female
Brandon-Clark,bclarkoc@yolasite.com,Male
Robert-Woods,rwoodsod@jalbum.net,Male
Rose-Watkins,rwatkinsoe@de.vu,Female
Lillian-Long,llongof@vkontakte.ru,Female
Terry-Martinez,tmartinezog@blogs.com,Male
Jean-Little,jlittleoh@github.io,Female
Robin-Olson,rolsonoi@constantcontact.com,Female
Julia-White,jwhiteoj@biglobe.ne.jp,Female
Randy-Dunn,rdunnok@youtu.be,Male
Bobby-Jones,bjonesol@liveinternet.ru,Male
Adam-Dixon,adixonom@php.net,Male
Raymond-Armstrong,rarmstrongon@dmoz.org,Male
Wanda-Griffin,wgriffinoo@auda.org.au,Female
Anthony-Gomez,agomezop@g.co,Male
Dennis-Romero,dromerooq@chicagotribune.com,Male
Nicole-George,ngeorgeor@adobe.com,Female
Eugene-Clark,eclarkos@earthlink.net,Male
Larry-Brooks,lbrooksot@google.es,Male
Kathryn-Jenkins,kjenkinsou@eepurl.com,Female
Lawrence-Cruz,lcruzov@tinyurl.com,Male
Jason-Parker,jparkerow@posterous.com,Male
Eric-Lee,eleeox@photobucket.com,Male
Howard-Matthews,hmatthewsoy@washington.edu,Male
Patricia-Johnston,pjohnstonoz@state.tx.us,Female
Lori-Scott,lscottp0@ftc.gov,Female
Emily-Martinez,emartinezp1@liveinternet.ru,Female
Ashley-Richardson,arichardsonp2@booking.com,Female
Angela-Daniels,adanielsp3@tamu.edu,Female
Kenneth-Hayes,khayesp4@ovh.net,Male
Katherine-Snyder,ksnyderp5@hatena.ne.jp,Female
Harry-Banks,hbanksp6@nbcnews.com,Male
Martha-Chapman,mchapmanp7@geocities.jp,Female
Joseph-Walker,jwalkerp8@nydailynews.com,Male
Rose-Hicks,rhicksp9@toplist.cz,Female
Janice-Romero,jromeropa@amazon.co.uk,Female
Annie-Stevens,astevenspb@hud.gov,Female
Larry-Holmes,lholmespc@a8.net,Male
Robin-Stephens,rstephenspd@marriott.com,Female
Anna-Arnold,aarnoldpe@sakura.ne.jp,Female
Matthew-Harrison,mharrisonpf@sfgate.com,Male
George-Lawson,glawsonpg@msu.edu,Male
Joe-Reyes,jreyesph@comcast.net,Male
Jeremy-Porter,jporterpi@aol.com,Male
Julie-Cunningham,jcunninghampj@sakura.ne.jp,Female
Jean-Black,jblackpk@prnewswire.com,Female
Christine-Peters,cpeterspl@ucla.edu,Female
Joyce-Stone,jstonepm@github.io,Female
Carl-Reed,creedpn@ehow.com,Male
Joan-Bryant,jbryantpo@howstuffworks.com,Female
Christine-Gardner,cgardnerpp@newyorker.com,Female
Julia-Lopez,jlopezpq@ox.ac.uk,Female
Dennis-Banks,dbankspr@alibaba.com,Male
Dennis-Wilson,dwilsonps@wunderground.com,Male
Joshua-Tucker,jtuckerpt@washington.edu,Male
Nicole-Marshall,nmarshallpu@scribd.com,Female
Charles-Gonzalez,cgonzalezpv@instagram.com,Male
Thomas-Lawrence,tlawrencepw@ezinearticles.com,Male
Ann-James,ajamespx@macromedia.com,Female
Amy-Turner,aturnerpy@nbcnews.com,Female
Debra-Barnes,dbarnespz@theglobeandmail.com,Female
Justin-Garcia,jgarciaq0@foxnews.com,Male
Donna-Nguyen,dnguyenq1@cafepress.com,Female
Lois-Castillo,lcastilloq2@amazonaws.com,Female
Lori-Burns,lburnsq3@hc360.com,Female
Phyllis-Smith,psmithq4@cloudflare.com,Female
Scott-Patterson,spattersonq5@amazon.co.jp,Male
Elizabeth-Bailey,ebaileyq6@list-manage.com,Female
Timothy-Perez,tperezq7@etsy.com,Male
Lisa-Baker,lbakerq8@hp.com,Female
Jean-Cunningham,jcunninghamq9@wufoo.com,Female
Melissa-Morgan,mmorganqa@cloudflare.com,Female
Jason-Parker,jparkerqb@creativecommons.org,Male
Joan-Fisher,jfisherqc@blogtalkradio.com,Female
Ryan-Rose,rroseqd@g.co,Male
Linda-Woods,lwoodsqe@51.la,Female
Margaret-Gonzalez,mgonzalezqf@cafepress.com,Female
Jane-Cole,jcoleqg@studiopress.com,Female
Daniel-Sullivan,dsullivanqh@infoseek.co.jp,Male
Shirley-Porter,sporterqi@pinterest.com,Female
Russell-Dean,rdeanqj@theatlantic.com,Male
Amanda-Perry,aperryqk@cisco.com,Female
Juan-Myers,jmyersql@prweb.com,Male
Patricia-Marshall,pmarshallqm@ebay.com,Female
Ralph-Jackson,rjacksonqn@google.ca,Male
Julia-Black,jblackqo@360.cn,Female
Phyllis-Hunt,phuntqp@ft.com,Female
Kelly-Stephens,kstephensqq@stumbleupon.com,Female
Frank-Adams,fadamsqr@bluehost.com,Male
Heather-Bennett,hbennettqs@about.com,Female
Angela-West,awestqt@usatoday.com,Female
Raymond-Sullivan,rsullivanqu@washington.edu,Male
Mary-Williams,mwilliamsqv@blog.com,Female
Wayne-Robinson,wrobinsonqw@vimeo.com,Male
Tammy-Morrison,tmorrisonqx@hostgator.com,Female
Johnny-Thomas,jthomasqy@mac.com,Male
Albert-Henry,ahenryqz@cnet.com,Male
Christina-Brown,cbrownr0@alibaba.com,Female
Christine-Cooper,ccooperr1@hp.com,Female
Anne-Arnold,aarnoldr2@a8.net,Female
Sara-Garza,sgarzar3@marriott.com,Female
Russell-Gilbert,rgilbertr4@go.com,Male
Adam-Boyd,aboydr5@nature.com,Male
Samuel-Banks,sbanksr6@is.gd,Male
Angela-Freeman,afreemanr7@livejournal.com,Female
Douglas-Fowler,dfowlerr8@java.com,Male
Keith-Castillo,kcastillor9@wikia.com,Male
Jimmy-Watson,jwatsonra@domainmarket.com,Male
Katherine-Myers,kmyersrb@foxnews.com,Female
Janice-Austin,jaustinrc@java.com,Female
Bonnie-Hayes,bhayesrd@ning.com,Female
Donald-Wagner,dwagnerre@google.cn,Male
Ronald-Henry,rhenryrf@hud.gov,Male
Victor-Gardner,vgardnerrg@prnewswire.com,Male
Kelly-Hill,khillrh@technorati.com,Female
Gloria-Freeman,gfreemanri@chron.com,Female
Ruth-Brooks,rbrooksrj@oakley.com,Female
Susan-Hansen,shansenrk@wikipedia.org,Female
Kathleen-Ford,kfordrl@google.nl,Female
Nicholas-Peters,npetersrm@simplemachines.org,Male
Jennifer-Miller,jmillerrn@thetimes.co.uk,Female
Jack-Long,jlongro@va.gov,Male
Rose-Andrews,randrewsrp@samsung.com,Female
Charles-Cole,ccolerq@google.de,Male
Ruth-White,rwhiterr@godaddy.com,Female
